{
    "data":[
        {"Time":"02-02-2024","Price_open":188.967759,"Price_high":188.967759,"Price_low":182.0,"Price_close":185.91,"FIB_1_MA":229.286846,"FIB_1_1":264.666313,"FIB_1_2":259.504519,"FIB_1_3":251.152559,"FIB_1_4":245.686131,"FIB_1_5":240.219703,"FIB_1_6":233.462826,"FIB_1_7":225.110867,"FIB_1_8":218.35399,"FIB_1_9":212.887561,"FIB_1_10":207.421133,"FIB_1_11":199.069174,"FIB_1_12":193.907379,"FIB_2_MA":231.706459,"FIB_2_1":254.916808,"FIB_2_2":269.275752,"FIB_2_3":280.880926,"FIB_2_4":292.4861,"FIB_2_5":306.845045,"FIB_2_6":330.055393,"FIB_2_7":208.496111,"FIB_2_8":194.137167,"FIB_2_9":182.531993,"FIB_2_10":170.926819,"FIB_2_11":156.567874,"FIB_2_12":133.357526,"TS4_level_0":186.752235,"TS4_level_1":187.483059,"TS4_level_2":188.120208,"TS4_Target":188.706416,"TS4_level_4":189.304356,"TS4_level_5":189.979525,"RSHVB_Middle":187.907319,"RSHVB_Up ":193.297351,"RSHVB_Down ":182.517288,"JFPCC_Plot":2.4674,"T3V_Velocity":-1.800177,"RSI_MA":23.740796,"RSI_Spot":23.336225,"MFI_Spot":25.1771,"MFI_MA":20.452916,"Senti_Spot":-4.146067,"Accum_Plot":"-8,03,81,214.93","BBWP_Spot":81.349206,"BBWP_MA":83.015873,"DMI_Hist":-22.006694,"DMI_Spot":15.240424,"DMI_MA":5.211239,"DMI_ADX":117.92887,"PMAR_Spot":17.714286,"PMAR_MA":18.185714,"Sorch_K":11.515978,"Sorch_D":3.440583,"WT_Spot":-58.895066,"WT_MA":-59.389032,"WT_Hist":0.493966,"VRSI_1":26.45696,"VRSI_2":37.496509,"VRSI_3":55.34126,"VRSI_MA":66.38081,"VRSI_4":8.612209,"TTF_Slow_Up":90.026039,"TTF_MA":-117.103965,"TTF_Spot":-145.968018,"TTF_Slow_Mid":-13.538963,"PtoE_Spot":43.202733,"PtoB_Spot":9.453703,"PtoCF_Spot":48.973877,"PtoS_Spot":6.708459,"SQZM_Spot":-33.067443,"VFI_MA":-18.755596,"VFI_Spot":-19.38655,"Intensity_Spot":-22.064332,"VIX_Ind_MA1":"2,30,736.37","VIX_Ind_MA2":"2,43,993.35","VIX_Ind_MA3":"2,41,314.01","VIX_Ind_Slow":"2,43,993.35","VIX_Ind_Fast":"2,30,736.37","Voli_Hist":0.633056,"Voli_MA":1.083903,"CM_Will_Hist":24.593186,"CM_Stoch_K1":14.287887,"CM_Stoch_D1":16.462142,"CM_Stoch_K2":9.69463,"CM_Stoch_D2":9.214446,"Hull_Hist":-42.048692}
        ]
}
